SatJun162018,542,65,9,58,57,45,9
WedJun132018,541,13,38,45,20,55,1
SatJun092018,540,36,10,25,6,15,14
WedJun062018,539,53,28,41,23,56,14
SatJun022018,538,23,37,64,44,25,7
WedMay302018,537,46,23,26,17,68,20
SatMay262018,536,45,31,21,1,49,21
WedMay232018,535,20,54,61,56,64,7
SatMay192018,534,56,9,17,3,6,25
WedMay162018,533,17,22,21,19,51,19
SatMay122018,532,42,56,22,55,45,14
WedMay092018,531,50,69,16,38,11,19
SatMay052018,530,29,36,14,61,57,17
WedMay022018,529,40,5,31,50,14,6
SatApr282018,528,28,50,22,45,20,8
WedApr252018,527,18,17,39,64,56,12
SatApr212018,526,50,69,54,62,40,19
WedApr182018,525,12,17,10,9,23,9
SatApr142018,524,61,17,19,26,62,15
WedApr112018,523,67,18,16,55,27,18
SatApr072018,522,38,2,20,17,39,20
WedApr042018,521,42,64,54,8,24,24
SatMar312018,520,24,55,52,61,8,21
WedMar282018,519,53,8,52,6,26,21
SatMar242018,518,33,56,53,10,45,24
WedMar212018,517,29,4,61,3,18,25
SatMar172018,516,60,66,22,59,57,7
WedMar142018,515,12,24,6,41,68,9
SatMar102018,514,69,43,54,44,61,22
WedMar072018,513,36,6,19,13,51,18
SatMar032018,512,40,17,36,25,13,5
WedFeb282018,511,69,12,65,59,30,16
SatFeb242018,510,38,25,62,63,24,6
WedFeb212018,509,7,36,31,15,34,8
SatFeb172018,508,26,62,39,13,44,2
WedFeb142018,507,44,46,37,39,69,26
SatFeb102018,506,27,13,41,59,1,20
WedFeb072018,505,40,35,34,47,23,10
SatFeb032018,504,15,48,23,27,53,6
WedJan312018,503,7,4,14,59,46,22
SatJan272018,502,54,26,17,21,47,7
WedJan242018,501,11,9,5,33,64,21
SatJan202018,500,28,26,58,47,49,3
WedJan172018,499,33,51,3,37,57,21
SatJan132018,498,69,25,35,14,58,24
WedJan102018,497,7,24,50,49,33,4
SatJan062018,496,12,61,30,29,33,26
WedJan032018,495,42,39,18,2,37,12
SatDec302017,494,58,28,51,41,36,24
WedDec272017,493,16,60,3,56,9,3
SatDec232017,492,44,15,1,13,3,25
WedDec202017,491,20,61,64,1,69,20
SatDec162017,490,35,63,37,9,50,11
WedDec132017,489,2,28,51,58,24,7
SatDec092017,488,36,60,55,37,25,6
WedDec062017,487,50,19,55,62,20,9
SatDec022017,486,32,30,36,28,58,6
WedNov292017,485,59,28,26,24,63,16
SatNov252017,484,53,8,54,27,13,4
WedNov222017,483,61,51,37,46,35,13
SatNov182017,482,17,31,28,32,39,26
WedNov152017,481,48,32,44,50,23,25
SatNov112017,480,56,6,4,30,16,18
WedNov082017,479,12,21,14,34,20,22
SatNov042017,478,51,48,12,26,14,13
WedNov012017,477,26,3,19,6,44,1
SatOct282017,476,35,27,57,66,38,10
WedOct252017,475,57,54,29,22,18,8
SatOct212017,474,14,45,69,41,42,4
WedOct182017,473,69,54,49,30,66,8
SatOct142017,472,56,37,69,32,66,11
WedOct112017,471,1,69,19,3,13,23
SatOct072017,470,61,10,49,65,63,7
WedOct042017,469,23,63,62,66,22,24
SatSep302017,468,8,25,12,41,64,15
WedSep272017,467,21,25,10,23,8,22
SatSep232017,466,45,24,56,55,57,19
WedSep202017,465,68,48,67,39,53,26
SatSep162017,464,31,24,25,17,18,24
WedSep132017,463,24,63,35,57,17,19
SatSep092017,462,59,20,6,57,29,22
WedSep062017,461,32,14,8,58,67,17
SatSep022017,460,62,41,21,52,6,26
WedAug302017,459,43,19,69,28,67,7
SatAug262017,458,66,15,7,38,32,15
WedAug232017,457,7,26,16,23,6,4
SatAug192017,456,17,68,19,43,39,13
WedAug162017,455,64,43,60,9,15,4
SatAug122017,454,35,20,49,26,24,19
WedAug092017,453,12,30,47,62,36,9
SatAug052017,452,33,21,45,11,28,11
WedAug022017,451,16,1,54,63,69,18
SatJul292017,450,1,40,28,48,45,12
WedJul262017,449,19,42,21,7,69,12
SatJul222017,448,44,32,60,5,53,9
WedJul192017,447,63,51,59,61,50,4
SatJul152017,446,40,66,9,64,63,17
WedJul122017,445,18,23,2,61,1,9
SatJul082017,444,29,8,40,59,10,26
WedJul052017,443,54,9,68,4,16,21
SatJul012017,442,45,19,42,53,48,16
WedJun282017,441,46,37,29,53,68,8
SatJun242017,440,36,32,22,58,10,10
WedJun212017,439,65,14,46,68,61,13
SatJun172017,438,13,62,10,53,32,21
WedJun142017,437,63,22,5,43,57,24
SatJun102017,436,32,26,20,38,58,3
WedJun072017,435,66,57,5,69,21,13
SatJun032017,434,54,41,9,3,21,25
WedMay312017,433,60,39,33,4,46,6
SatMay272017,432,55,10,5,67,28,9
WedMay242017,431,38,28,33,32,62,15
SatMay202017,430,45,5,47,54,22,3
WedMay172017,429,39,4,48,45,11,9
SatMay132017,428,68,17,20,63,32,19
WedMay102017,427,62,31,56,46,29,8
SatMay062017,426,31,21,11,41,59,21
WedMay032017,425,18,49,66,17,59,9
SatApr292017,424,24,22,23,62,45,5
WedApr262017,423,18,1,51,15,26,26
SatApr222017,422,39,21,48,41,63,6
WedApr192017,421,1,19,52,40,37,15
SatApr152017,420,61,26,45,5,22,13
WedApr122017,419,68,63,14,8,61,24
SatApr082017,418,51,53,36,23,60,15
WedApr052017,417,53,20,54,46,8,13
SatApr012017,416,65,9,44,36,32,1
WedMar292017,415,8,62,31,36,15,11
SatMar252017,414,32,18,31,48,45,16
WedMar222017,413,2,29,9,27,42,9
SatMar182017,412,25,67,54,44,13,5
WedMar152017,411,30,16,41,48,53,16
SatMar112017,410,57,41,50,26,1,11
WedMar082017,409,42,23,59,46,33,4
SatMar042017,408,2,22,63,19,18,19
WedMar012017,407,16,10,52,40,55,17
SatFeb252017,406,6,62,32,47,65,19
WedFeb222017,405,52,10,61,28,13,2
SatFeb182017,404,9,3,33,7,31,20
WedFeb152017,403,33,5,42,38,28,19
SatFeb112017,402,37,64,17,9,5,2
WedFeb082017,401,49,20,42,14,66,5
SatFeb042017,400,52,17,16,13,6,25
WedFeb012017,399,9,60,64,43,57,10
SatJan282017,398,39,12,49,69,20,17
WedJan252017,397,18,62,66,68,28,22
SatJan212017,396,45,25,23,67,52,2
WedJan182017,395,41,9,58,40,53,12
SatJan142017,394,55,69,23,64,59,13
WedJan112017,393,1,16,13,43,3,24
SatJan072017,392,37,63,12,24,3,10
WedJan042017,391,17,16,42,41,29,4
SatDec312016,390,1,28,3,67,57,9
WedDec282016,389,30,23,44,58,16,4
SatDec242016,388,38,52,42,51,28,21
WedDec212016,387,25,68,40,54,33,3
SatDec172016,386,16,40,8,48,1,10
WedDec142016,385,39,18,66,37,26,15
SatDec102016,384,32,21,12,44,66,15
WedDec072016,383,49,64,48,41,53,20
SatDec032016,382,27,26,33,8,10,22
WedNov302016,381,3,45,25,14,18,7
SatNov262016,380,21,17,37,44,19,16
WedNov232016,379,7,61,41,47,32,3
SatNov192016,378,24,61,43,16,28,21
WedNov162016,377,28,61,63,41,65,7
SatNov122016,376,20,8,27,52,17,24
WedNov092016,375,28,31,54,25,1,2
SatNov052016,374,31,50,69,21,51,8
WedNov022016,373,18,54,61,13,37,5
SatOct292016,372,42,48,20,21,19,23
WedOct262016,371,48,56,2,16,3,24
SatOct222016,370,1,55,33,28,56,22
WedOct192016,369,43,63,16,38,10,23
SatOct152016,368,64,49,57,23,67,20
WedOct122016,367,34,44,30,16,37,16
SatOct082016,366,3,64,68,61,54,9
WedOct052016,365,60,29,18,27,8,15
SatOct012016,364,12,64,50,61,2,1
WedSep282016,363,30,53,62,38,52,1
SatSep242016,362,15,7,29,41,20,22
WedSep212016,361,63,67,1,69,28,17
SatSep172016,360,51,19,9,62,55,14
WedSep142016,359,10,31,23,28,11,14
SatSep102016,358,3,17,49,68,55,8
WedSep072016,357,23,55,33,22,29,21
SatSep032016,356,39,59,7,67,50,25
WedAug312016,355,10,56,24,61,5,12
SatAug272016,354,48,32,63,4,49,20
WedAug242016,353,25,11,9,65,64,16
SatAug202016,352,68,3,21,6,60,24
WedAug172016,351,44,49,33,50,52,8
SatAug132016,350,44,38,64,69,60,6
WedAug102016,349,64,56,61,23,67,12
SatAug062016,348,52,33,47,36,20,12
WedAug032016,347,66,27,11,9,67,2
SatJul302016,346,32,21,17,23,11,5
WedJul272016,345,10,47,68,65,50,24
SatJul232016,344,39,5,35,7,23,11
WedJul202016,343,6,58,66,25,35,5
SatJul162016,342,11,50,40,17,62,26
WedJul132016,341,57,15,29,3,54,10
SatJul092016,340,32,28,10,64,61,12
WedJul062016,339,66,57,2,31,24,18
SatJul022016,338,63,39,59,34,10,4
WedJun292016,337,29,37,23,64,60,6
SatJun252016,336,36,3,56,69,27,25
WedJun222016,335,14,42,43,52,40,17
SatJun182016,334,53,2,23,63,41,11
WedJun152016,333,33,4,24,31,22,10
SatJun112016,332,36,58,27,41,20,7
WedJun082016,331,37,69,12,25,60,20
SatJun042016,330,20,16,43,64,22,17
WedJun012016,329,40,69,33,23,30,12
SatMay282016,328,6,34,33,59,58,12
WedMay252016,327,64,24,59,41,11,15
SatMay212016,326,9,32,5,7,23,26
WedMay182016,325,25,67,39,23,54,11
SatMay142016,324,64,27,65,13,47,9
WedMay112016,323,69,32,52,66,20,23
SatMay072016,322,25,66,44,5,26,9
WedMay042016,321,47,69,30,66,57,3
SatApr302016,320,32,16,3,34,12,14
WedApr272016,319,25,39,64,2,33,17
SatApr232016,318,46,62,59,35,19,13
WedApr202016,317,62,30,12,25,52,8
SatApr162016,316,32,3,25,51,18,3
WedApr132016,315,30,35,38,33,64,22
SatApr092016,314,14,23,41,61,22,9
WedApr062016,313,65,28,49,60,4,25
SatApr022016,312,9,61,28,40,30,3
WedMar302016,311,55,24,63,53,44,19
SatMar262016,310,23,42,68,52,11,6
WedMar232016,309,22,15,49,5,8,25
SatMar192016,308,11,60,23,54,43,3
WedMar162016,307,46,50,12,13,10,21
SatMar122016,306,28,11,50,57,62,23
WedMar092016,305,32,34,14,23,68,3
SatMar052016,304,3,34,27,59,69,19
WedMar022016,303,62,52,13,12,44,6
SatFeb272016,302,22,11,53,21,10,18
WedFeb242016,301,67,21,65,31,64,5
SatFeb202016,300,54,12,11,16,15,25
WedFeb172016,299,29,27,7,40,17,25
SatFeb132016,298,7,15,36,18,19,20
WedFeb102016,297,2,62,40,50,3,5
SatFeb062016,296,13,4,36,31,52,8
WedFeb032016,295,26,60,67,31,28,23
SatJan302016,294,16,5,12,31,43,18
WedJan272016,293,40,52,3,67,12,21
SatJan232016,292,32,22,40,69,34,19
WedJan202016,291,44,5,39,69,47,24
SatJan162016,290,61,52,51,64,3,6
WedJan132016,289,8,27,34,4,19,10
SatJan092016,288,32,16,19,57,34,13
WedJan062016,287,47,2,63,62,11,17
SatJan022016,286,42,15,6,5,29,10
WedDec302015,285,12,61,54,38,36,22
SatDec262015,284,65,40,44,59,27,20
WedDec232015,283,67,16,63,38,55,25
SatDec192015,282,30,68,59,41,28,10
WedDec162015,281,9,42,10,55,32,6
SatDec122015,280,62,2,30,19,14,22
WedDec092015,279,16,46,10,56,7,1
SatDec052015,278,47,33,68,27,13,13
WedDec022015,277,14,18,19,64,32,9
SatNov282015,276,47,2,66,67,6,2
WedNov252015,275,53,16,69,58,29,21
SatNov212015,274,37,57,47,50,52,21
WedNov182015,273,40,17,46,69,41,6
SatNov142015,272,66,37,22,14,45,5
WedNov112015,271,26,4,32,55,64,18
SatNov072015,270,50,53,7,16,25,15
WedNov042015,269,12,2,17,20,65,17
SatOct312015,268,9,47,20,25,68,7
WedOct282015,267,56,62,54,63,4,10
SatOct242015,266,20,31,56,64,60,2
WedOct212015,265,57,32,30,42,56,11
SatOct172015,264,57,62,69,49,48,19
WedOct142015,263,20,15,31,40,29,1
SatOct102015,262,27,68,12,43,29,1
WedOct072015,261,52,40,48,18,30,9
SatOct032015,260,33,6,46,44,26,4
WedSep302015,259,40,59,21,39,55,17
SatSep262015,258,23,57,42,31,50,5
WedSep232015,257,8,29,51,58,41,5
SatSep192015,256,12,43,17,26,48,24
WedSep162015,255,7,5,39,24,31,7
SatSep122015,254,35,3,16,2,13,27
WedSep092015,253,50,44,45,51,47,8
SatSep052015,252,29,10,18,16,45,19
WedSep022015,251,17,46,22,30,56,16
SatAug292015,250,25,18,29,21,28,16
WedAug262015,249,22,56,2,45,32,12
SatAug222015,248,12,14,21,4,55,7
WedAug192015,247,6,43,48,50,8,7
SatAug152015,246,3,17,13,52,42,24
WedAug122015,245,29,38,8,13,52,28
SatAug082015,244,34,48,54,52,9,15
WedAug052015,243,42,14,9,16,11,19
SatAug012015,242,13,7,49,24,57,15
WedJul292015,241,4,52,22,27,28,35
SatJul252015,240,27,44,41,29,34,2
WedJul222015,239,31,12,57,44,43,11
SatJul182015,238,39,6,37,45,55,33
WedJul152015,237,45,34,13,50,16,11
SatJul112015,236,46,39,52,11,54,3
WedJul082015,235,30,27,25,15,4,18
SatJul042015,234,24,18,6,3,14,21
WedJul012015,233,24,41,31,26,7,25
SatJun272015,232,35,18,46,49,28,27
WedJun242015,231,5,10,3,22,32,7
SatJun202015,230,20,16,10,57,9,15
WedJun172015,229,22,20,21,54,41,7
SatJun132015,228,41,29,52,54,48,29
WedJun102015,227,49,32,31,53,48,25
SatJun062015,226,18,43,13,8,27,15
WedJun032015,225,6,40,37,13,8,11
SatMay302015,224,57,25,8,56,9,22
WedMay272015,223,8,15,59,34,53,23
SatMay232015,222,31,9,43,17,15,16
WedMay202015,221,12,1,44,28,35,25
SatMay162015,220,48,24,38,52,29,32
WedMay132015,219,31,29,1,47,25,7
SatMay092015,218,58,4,17,35,15,17
WedMay062015,217,24,41,39,23,27,30
SatMay022015,216,2,31,6,11,30,33
WedApr292015,215,26,1,38,34,51,6
SatApr252015,214,45,21,35,33,38,12
WedApr222015,213,25,10,14,39,53,18
SatApr182015,212,31,22,13,23,29,17
WedApr152015,211,1,21,29,16,40,30
SatApr112015,210,58,1,32,42,12,12
WedApr082015,209,1,19,45,58,46,29
SatApr042015,208,41,33,39,54,40,28
WedApr012015,207,44,39,30,33,2,1
SatMar282015,206,38,2,12,4,6,17
WedMar252015,205,54,23,19,7,50,14
SatMar212015,204,30,38,16,11,42,7
WedMar182015,203,30,47,33,25,14,8
SatMar142015,202,46,47,8,14,39,18
WedMar112015,201,24,44,31,11,40,27
SatMar072015,200,50,42,36,38,34,33
WedMar042015,199,8,35,15,12,50,32
SatFeb282015,198,25,28,11,17,46,12
WedFeb252015,197,39,17,21,32,19,8
SatFeb212015,196,18,51,14,34,10,26
WedFeb182015,195,29,1,49,9,32,22
SatFeb142015,194,44,45,1,24,51,28
WedFeb112015,193,25,11,54,13,39,19
SatFeb072015,192,34,58,5,21,10,33
WedFeb042015,191,51,52,36,24,56,22
SatJan312015,190,16,5,50,11,26,34
WedJan282015,189,49,24,12,36,35,1
SatJan242015,188,19,16,20,33,29,10
WedJan212015,187,57,12,28,15,11,23
SatJan172015,186,15,27,23,36,16,9
WedJan142015,185,10,4,53,2,41,22
SatJan102015,184,19,9,29,2,28,19
WedJan072015,183,47,49,59,15,14,10
SatJan032015,182,4,43,46,55,18,25
WedDec312014,181,40,27,17,53,37,35
SatDec272014,180,36,14,10,11,7,15
WedDec242014,179,46,11,12,47,50,22
SatDec202014,178,19,15,56,31,14,5
WedDec172014,177,47,31,48,38,22,15
SatDec132014,176,5,13,43,55,28,33
WedDec102014,175,48,34,55,44,54,10
SatDec062014,174,43,22,49,15,12,14
WedDec032014,173,54,30,32,46,25,26
SatNov292014,172,13,30,24,42,48,27
WedNov262014,171,46,17,22,16,54,35
SatNov222014,170,54,53,23,57,49,35
WedNov192014,169,38,6,36,48,51,17
SatNov152014,168,35,16,33,51,13,28
WedNov122014,167,55,37,39,52,51,11
SatNov082014,166,9,33,19,38,54,15
WedNov052014,165,19,2,11,21,42,34
SatNov012014,164,1,38,25,13,3,17
WedOct292014,163,48,28,59,25,57,16
SatOct252014,162,54,57,51,6,10,12
WedOct222014,161,40,42,30,29,50,16
SatOct182014,160,36,20,54,27,26,19
WedOct152014,159,5,7,28,27,19,20
SatOct112014,158,37,39,38,19,10,28
WedOct082014,157,46,50,16,31,5,18
SatOct042014,156,13,33,18,24,25,31
WedOct012014,155,20,1,45,18,4,7
SatSep272014,154,54,11,52,35,2,13
WedSep242014,153,7,14,24,41,21,26
SatSep202014,152,23,22,30,39,37,16
WedSep172014,151,36,18,25,50,48,23
SatSep132014,150,37,6,1,53,16,27
WedSep102014,149,14,39,2,40,43,13
SatSep062014,148,29,43,31,50,9,18
WedSep032014,147,43,2,51,45,16,35
SatAug302014,146,5,52,28,59,31,27
WedAug272014,145,24,17,45,46,26,19
SatAug232014,144,52,28,36,32,35,31
WedAug202014,143,21,40,8,38,4,3
SatAug162014,142,7,8,17,59,48,9
WedAug132014,141,37,8,40,52,39,24
SatAug092014,140,34,12,31,51,3,24
WedAug062014,139,49,1,8,24,28,24
SatAug022014,138,12,46,44,47,26,29
WedJul302014,137,49,13,30,53,42,29
SatJul262014,136,38,39,28,24,30,16
WedJul232014,135,22,12,4,31,10,3
SatJul192014,134,10,53,17,25,45,9
WedJul162014,133,5,32,26,18,15,35
SatJul122014,132,23,7,2,3,51,26
WedJul092014,131,9,55,42,25,57,14
SatJul052014,130,34,58,24,36,57,11
WedJul022014,129,58,18,53,8,45,35
SatJun282014,128,56,8,12,43,34,9
WedJun252014,127,50,53,10,20,25,35
SatJun212014,126,41,6,54,5,37,26
WedJun182014,125,6,52,59,29,9,7
SatJun142014,124,33,54,42,9,45,30
WedJun112014,123,14,25,33,18,49,23
SatJun072014,122,58,30,35,28,59,15
WedJun042014,121,22,7,1,10,49,24
SatMay312014,120,34,15,48,27,31,1
WedMay282014,119,24,2,28,32,59,25
SatMay242014,118,55,15,49,16,28,18
WedMay212014,117,20,34,58,4,39,31
SatMay172014,116,32,23,47,39,49,22
WedMay142014,115,55,7,52,33,39,33
SatMay102014,114,41,47,55,31,4,1
WedMay072014,113,48,31,17,49,29,34
SatMay032014,112,15,5,46,49,16,26
WedApr302014,111,9,2,19,50,11,32
SatApr262014,110,30,3,22,7,33,20
WedApr232014,109,29,48,36,19,25,12
SatApr192014,108,35,6,51,5,29,21
WedApr162014,107,42,34,59,39,44,8
SatApr122014,106,26,45,14,55,54,20
WedApr092014,105,49,14,48,9,44,29
SatApr052014,104,26,11,21,34,33,29
WedApr022014,103,19,22,13,53,8,24
SatMar292014,102,3,12,27,38,2,17
WedMar262014,101,33,41,59,44,28,21
SatMar222014,100,55,13,28,58,31,15
WedMar192014,99,34,23,43,19,2,14
SatMar152014,98,34,5,51,2,58,9
WedMar122014,97,28,54,14,15,37,10
SatMar082014,96,14,24,32,41,10,30
WedMar052014,95,26,3,9,7,54,19
SatMar012014,94,3,8,25,47,30,13
WedFeb262014,93,42,11,12,38,17,2
SatFeb222014,92,13,2,54,14,3,4
WedFeb192014,91,17,49,54,35,1,34
SatFeb152014,90,9,23,2,14,21,3
WedFeb122014,89,52,49,36,57,44,1
SatFeb082014,88,54,37,34,25,24,29
WedFeb052014,87,8,57,17,59,32,24
SatFeb012014,86,12,15,38,5,27,7
WedJan292014,85,47,23,11,28,32,20
SatJan252014,84,57,8,55,12,18,2
WedJan222014,83,55,2,7,1,9,29
SatJan182014,82,38,14,13,19,31,25
WedJan152014,81,29,8,9,7,24,25
SatJan112014,80,54,15,48,33,10,34
WedJan082014,79,39,28,58,47,10,22
SatJan042014,78,19,58,37,20,41,14
WedJan012014,77,52,48,15,24,40,23
SatDec282013,76,56,51,35,44,8,18
WedDec252013,75,38,56,28,39,23,32
SatDec212013,74,36,51,45,25,40,8
WedDec182013,73,39,7,40,24,37,1
SatDec142013,72,33,41,25,14,32,34
WedDec112013,71,10,18,19,1,13,27
SatDec072013,70,45,13,48,32,20,17
WedDec042013,69,9,6,11,44,31,25
SatNov302013,68,26,5,45,44,57,29
WedNov272013,67,57,25,18,55,50,17
SatNov232013,66,12,52,55,43,5,10
WedNov202013,65,32,4,45,23,18,7
SatNov162013,64,29,37,59,10,44,10
WedNov132013,63,31,5,55,50,56,9
SatNov092013,62,37,56,3,49,9,32
WedNov062013,61,49,1,5,10,15,22
SatNov022013,60,27,40,13,23,24,17
WedOct302013,59,54,2,49,36,40,10
SatOct262013,58,56,6,4,34,49,29
WedOct232013,57,47,34,23,31,3,13
SatOct192013,56,33,9,56,54,57,5
WedOct162013,55,3,42,26,34,28,28
SatOct122013,54,10,58,26,57,8,4
WedOct092013,53,9,38,3,33,19,18
SatOct052013,52,11,39,40,17,12,5
WedOct022013,51,6,51,42,4,25,17
SatSep282013,50,47,53,14,52,54,5
WedSep252013,49,49,7,17,53,2,23
SatSep212013,48,58,54,45,17,12,13
WedSep182013,47,7,10,35,32,22,19
SatSep142013,46,1,25,44,17,37,20
WedSep112013,45,19,33,42,52,11,33
SatSep072013,44,2,22,19,45,26,24
WedSep042013,43,2,45,26,9,47,11
SatAug312013,42,40,25,7,56,2,20
WedAug282013,41,32,19,7,9,6,13
SatAug242013,40,45,17,59,12,25,19
WedAug212013,39,30,48,42,46,40,23
SatAug172013,38,18,54,56,21,46,23
WedAug142013,37,17,43,11,4,51,20
SatAug102013,36,37,58,14,4,12,13
WedAug072013,35,58,5,25,59,30,32
SatAug032013,34,24,36,21,45,42,15
WedJul312013,33,8,24,59,39,49,5
SatJul272013,32,58,53,40,23,9,6
WedJul242013,31,44,29,54,40,9,7
SatJul202013,30,14,27,58,25,38,6
WedJul172013,29,22,1,42,38,34,17
SatJul132013,28,8,37,2,35,22,6
WedJul102013,27,55,45,31,30,59,27
SatJul062013,26,52,2,36,35,13,11
WedJul032013,25,40,6,51,29,3,4
SatJun292013,24,28,8,56,53,30,16
WedJun262013,23,1,46,39,33,18,33
SatJun222013,22,33,57,19,23,13,28
WedJun192013,21,57,47,46,52,7,17
SatJun152013,20,48,55,28,40,36,1
WedJun122013,19,22,16,42,23,55,32
SatJun082013,18,2,26,11,32,22,19
WedJun052013,17,4,36,26,33,55,32
SatJun012013,16,33,53,59,22,28,14
WedMay292013,15,49,14,9,17,57,2
SatMay252013,14,27,21,19,6,2,25
WedMay222013,13,31,35,41,9,57,26
SatMay182013,12,22,10,13,14,52,11
WedMay152013,11,2,34,11,41,26,32
SatMay112013,10,6,23,19,43,13,16
WedMay082013,9,21,57,26,22,30,27
SatMay042013,8,26,36,40,7,12,17
WedMay012013,7,31,22,55,26,54,18
SatApr272013,6,55,54,48,23,3,5
WedApr242013,5,9,59,31,56,19,2
SatApr202013,4,6,39,8,30,48,20
WedApr172013,3,58,18,48,13,36,28
SatApr132013,2,10,57,31,12,56,33
WedApr102013,1,40,1,52,36,53,20
